<ImportExportXml xmlns:xsi="http://www.w3.org/2001/XMLSchema-instance">
  <Entities></Entities>
  <Roles></Roles>
  <Workflows>
    <Workflow WorkflowId="{a5e0b164-d198-ee11-be37-000d3ab112cb}" Name="individualreporting" Description="When Power Apps control is triggered then SQL stored procedure should be executed.">
      <JsonFileName>/Workflows/individualreporting-A5E0B164-D198-EE11-BE37-000D3AB112CB.json</JsonFileName>
      <Type>1</Type>
      <Subprocess>0</Subprocess>
      <Category>5</Category>
      <Mode>0</Mode>
      <Scope>4</Scope>
      <OnDemand>0</OnDemand>
      <TriggerOnCreate>0</TriggerOnCreate>
      <TriggerOnDelete>0</TriggerOnDelete>
      <AsyncAutodelete>0</AsyncAutodelete>
      <SyncWorkflowLogOnFailure>0</SyncWorkflowLogOnFailure>
      <StateCode>1</StateCode>
      <StatusCode>2</StatusCode>
      <RunAs>1</RunAs>
      <IsTransacted>1</IsTransacted>
      <IntroducedVersion>1.0.0.0</IntroducedVersion>
      <IsCustomizable>1</IsCustomizable>
      <BusinessProcessType>0</BusinessProcessType>
      <IsCustomProcessingStepAllowedForOtherPublishers>1</IsCustomProcessingStepAllowedForOtherPublishers>
      <BillingContext>[{"id":"new_checkin_c0cc3","type":"UnifiedApp","metadata":{"displayName":"Check-In"}}]</BillingContext>
      <PrimaryEntity>none</PrimaryEntity>
      <LocalizedNames>
        <LocalizedName languagecode="1043" description="individualreporting" />
      </LocalizedNames>
      <Descriptions>
        <Description languagecode="1043" description="When Power Apps control is triggered then SQL stored procedure should be executed." />
      </Descriptions>
    </Workflow>
    <Workflow WorkflowId="{a6e0b164-d198-ee11-be37-000d3ab112cb}" Name="commitmember - 2" Description="When Power Apps control is triggered then SQL stored procedure should be executed.">
      <JsonFileName>/Workflows/commitmember-2-A6E0B164-D198-EE11-BE37-000D3AB112CB.json</JsonFileName>
      <Type>1</Type>
      <Subprocess>0</Subprocess>
      <Category>5</Category>
      <Mode>0</Mode>
      <Scope>4</Scope>
      <OnDemand>0</OnDemand>
      <TriggerOnCreate>0</TriggerOnCreate>
      <TriggerOnDelete>0</TriggerOnDelete>
      <AsyncAutodelete>0</AsyncAutodelete>
      <SyncWorkflowLogOnFailure>0</SyncWorkflowLogOnFailure>
      <StateCode>1</StateCode>
      <StatusCode>2</StatusCode>
      <RunAs>1</RunAs>
      <IsTransacted>1</IsTransacted>
      <IntroducedVersion>1.0.0.0</IntroducedVersion>
      <IsCustomizable>1</IsCustomizable>
      <BusinessProcessType>0</BusinessProcessType>
      <IsCustomProcessingStepAllowedForOtherPublishers>1</IsCustomProcessingStepAllowedForOtherPublishers>
      <PrimaryEntity>none</PrimaryEntity>
      <LocalizedNames>
        <LocalizedName languagecode="1043" description="commitmember - 2" />
      </LocalizedNames>
      <Descriptions>
        <Description languagecode="1043" description="When Power Apps control is triggered then SQL stored procedure should be executed." />
      </Descriptions>
    </Workflow>
    <Workflow WorkflowId="{a7e0b164-d198-ee11-be37-000d3ab112cb}" Name="newTeamInformation" Description="When Power Apps control is triggered then SQL stored procedure should be executed.">
      <JsonFileName>/Workflows/newTeamInformation-A7E0B164-D198-EE11-BE37-000D3AB112CB.json</JsonFileName>
      <Type>1</Type>
      <Subprocess>0</Subprocess>
      <Category>5</Category>
      <Mode>0</Mode>
      <Scope>4</Scope>
      <OnDemand>0</OnDemand>
      <TriggerOnCreate>0</TriggerOnCreate>
      <TriggerOnDelete>0</TriggerOnDelete>
      <AsyncAutodelete>0</AsyncAutodelete>
      <SyncWorkflowLogOnFailure>0</SyncWorkflowLogOnFailure>
      <StateCode>1</StateCode>
      <StatusCode>2</StatusCode>
      <RunAs>1</RunAs>
      <IsTransacted>1</IsTransacted>
      <IntroducedVersion>1.0.0.0</IntroducedVersion>
      <IsCustomizable>1</IsCustomizable>
      <BusinessProcessType>0</BusinessProcessType>
      <IsCustomProcessingStepAllowedForOtherPublishers>1</IsCustomProcessingStepAllowedForOtherPublishers>
      <PrimaryEntity>none</PrimaryEntity>
      <LocalizedNames>
        <LocalizedName languagecode="1043" description="newTeamInformation" />
      </LocalizedNames>
      <Descriptions>
        <Description languagecode="1043" description="When Power Apps control is triggered then SQL stored procedure should be executed." />
      </Descriptions>
    </Workflow>
    <Workflow WorkflowId="{a8e0b164-d198-ee11-be37-000d3ab112cb}" Name="deletemember" Description="When Power Apps control is triggered then SQL stored procedure should be executed.">
      <JsonFileName>/Workflows/deletemember-A8E0B164-D198-EE11-BE37-000D3AB112CB.json</JsonFileName>
      <Type>1</Type>
      <Subprocess>0</Subprocess>
      <Category>5</Category>
      <Mode>0</Mode>
      <Scope>4</Scope>
      <OnDemand>0</OnDemand>
      <TriggerOnCreate>0</TriggerOnCreate>
      <TriggerOnDelete>0</TriggerOnDelete>
      <AsyncAutodelete>0</AsyncAutodelete>
      <SyncWorkflowLogOnFailure>0</SyncWorkflowLogOnFailure>
      <StateCode>1</StateCode>
      <StatusCode>2</StatusCode>
      <RunAs>1</RunAs>
      <IsTransacted>1</IsTransacted>
      <IntroducedVersion>1.0.0.0</IntroducedVersion>
      <IsCustomizable>1</IsCustomizable>
      <BusinessProcessType>0</BusinessProcessType>
      <IsCustomProcessingStepAllowedForOtherPublishers>1</IsCustomProcessingStepAllowedForOtherPublishers>
      <BillingContext>[{"id":"new_editscrummembers_5fd62","type":"UnifiedApp","metadata":{"displayName":"Edit Scrum Members"}}]</BillingContext>
      <PrimaryEntity>none</PrimaryEntity>
      <LocalizedNames>
        <LocalizedName languagecode="1043" description="deletemember" />
      </LocalizedNames>
      <Descriptions>
        <Description languagecode="1043" description="When Power Apps control is triggered then SQL stored procedure should be executed." />
      </Descriptions>
    </Workflow>
    <Workflow WorkflowId="{f9e0b164-d198-ee11-be37-000d3ab112cb}" Name="commitmember" Description="When Power Apps control is triggered then SQL stored procedure should be executed.">
      <JsonFileName>/Workflows/commitmember-F9E0B164-D198-EE11-BE37-000D3AB112CB.json</JsonFileName>
      <Type>1</Type>
      <Subprocess>0</Subprocess>
      <Category>5</Category>
      <Mode>0</Mode>
      <Scope>4</Scope>
      <OnDemand>0</OnDemand>
      <TriggerOnCreate>0</TriggerOnCreate>
      <TriggerOnDelete>0</TriggerOnDelete>
      <AsyncAutodelete>0</AsyncAutodelete>
      <SyncWorkflowLogOnFailure>0</SyncWorkflowLogOnFailure>
      <StateCode>1</StateCode>
      <StatusCode>2</StatusCode>
      <RunAs>1</RunAs>
      <IsTransacted>1</IsTransacted>
      <IntroducedVersion>1.0.0.0</IntroducedVersion>
      <IsCustomizable>1</IsCustomizable>
      <BusinessProcessType>0</BusinessProcessType>
      <IsCustomProcessingStepAllowedForOtherPublishers>1</IsCustomProcessingStepAllowedForOtherPublishers>
      <PrimaryEntity>none</PrimaryEntity>
      <LocalizedNames>
        <LocalizedName languagecode="1043" description="commitmember" />
      </LocalizedNames>
      <Descriptions>
        <Description languagecode="1043" description="When Power Apps control is triggered then SQL stored procedure should be executed." />
      </Descriptions>
    </Workflow>
    <Workflow WorkflowId="{fae0b164-d198-ee11-be37-000d3ab112cb}" Name="testflow">
      <JsonFileName>/Workflows/testflow-FAE0B164-D198-EE11-BE37-000D3AB112CB.json</JsonFileName>
      <Type>1</Type>
      <Subprocess>0</Subprocess>
      <Category>5</Category>
      <Mode>0</Mode>
      <Scope>4</Scope>
      <OnDemand>0</OnDemand>
      <TriggerOnCreate>0</TriggerOnCreate>
      <TriggerOnDelete>0</TriggerOnDelete>
      <AsyncAutodelete>0</AsyncAutodelete>
      <SyncWorkflowLogOnFailure>0</SyncWorkflowLogOnFailure>
      <StateCode>1</StateCode>
      <StatusCode>2</StatusCode>
      <RunAs>1</RunAs>
      <IsTransacted>1</IsTransacted>
      <IntroducedVersion>1.0.0.0</IntroducedVersion>
      <IsCustomizable>1</IsCustomizable>
      <BusinessProcessType>0</BusinessProcessType>
      <IsCustomProcessingStepAllowedForOtherPublishers>1</IsCustomProcessingStepAllowedForOtherPublishers>
      <PrimaryEntity>none</PrimaryEntity>
      <LocalizedNames>
        <LocalizedName languagecode="1043" description="testflow" />
      </LocalizedNames>
    </Workflow>
    <Workflow WorkflowId="{fbe0b164-d198-ee11-be37-000d3ab112cb}" Name="getdeparture" Description="When Power Apps control is triggered then SQL stored procedure should be executed.">
      <JsonFileName>/Workflows/getdeparture-FBE0B164-D198-EE11-BE37-000D3AB112CB.json</JsonFileName>
      <Type>1</Type>
      <Subprocess>0</Subprocess>
      <Category>5</Category>
      <Mode>0</Mode>
      <Scope>4</Scope>
      <OnDemand>0</OnDemand>
      <TriggerOnCreate>0</TriggerOnCreate>
      <TriggerOnDelete>0</TriggerOnDelete>
      <AsyncAutodelete>0</AsyncAutodelete>
      <SyncWorkflowLogOnFailure>0</SyncWorkflowLogOnFailure>
      <StateCode>1</StateCode>
      <StatusCode>2</StatusCode>
      <RunAs>1</RunAs>
      <IsTransacted>1</IsTransacted>
      <IntroducedVersion>1.0.0.0</IntroducedVersion>
      <IsCustomizable>1</IsCustomizable>
      <BusinessProcessType>0</BusinessProcessType>
      <IsCustomProcessingStepAllowedForOtherPublishers>1</IsCustomProcessingStepAllowedForOtherPublishers>
      <BillingContext>[{"id":"new_editscrummembers_5fd62","type":"UnifiedApp","metadata":{"displayName":"Edit Scrum Members"}}]</BillingContext>
      <PrimaryEntity>none</PrimaryEntity>
      <LocalizedNames>
        <LocalizedName languagecode="1043" description="getdeparture" />
      </LocalizedNames>
      <Descriptions>
        <Description languagecode="1043" description="When Power Apps control is triggered then SQL stored procedure should be executed." />
      </Descriptions>
    </Workflow>
    <Workflow WorkflowId="{fce0b164-d198-ee11-be37-000d3ab112cb}" Name="reportTeam" Description="When Power Apps control is triggered then SQL stored procedure should be executed.">
      <JsonFileName>/Workflows/reportTeam-FCE0B164-D198-EE11-BE37-000D3AB112CB.json</JsonFileName>
      <Type>1</Type>
      <Subprocess>0</Subprocess>
      <Category>5</Category>
      <Mode>0</Mode>
      <Scope>4</Scope>
      <OnDemand>0</OnDemand>
      <TriggerOnCreate>0</TriggerOnCreate>
      <TriggerOnDelete>0</TriggerOnDelete>
      <AsyncAutodelete>0</AsyncAutodelete>
      <SyncWorkflowLogOnFailure>0</SyncWorkflowLogOnFailure>
      <StateCode>1</StateCode>
      <StatusCode>2</StatusCode>
      <RunAs>1</RunAs>
      <IsTransacted>1</IsTransacted>
      <IntroducedVersion>1.0.0.0</IntroducedVersion>
      <IsCustomizable>1</IsCustomizable>
      <BusinessProcessType>0</BusinessProcessType>
      <IsCustomProcessingStepAllowedForOtherPublishers>1</IsCustomProcessingStepAllowedForOtherPublishers>
      <PrimaryEntity>none</PrimaryEntity>
      <LocalizedNames>
        <LocalizedName languagecode="1043" description="reportTeam" />
      </LocalizedNames>
      <Descriptions>
        <Description languagecode="1043" description="When Power Apps control is triggered then SQL stored procedure should be executed." />
      </Descriptions>
    </Workflow>
    <Workflow WorkflowId="{2ee1b164-d198-ee11-be37-000d3ab112cb}" Name="reportFull">
      <JsonFileName>/Workflows/reportFull-2EE1B164-D198-EE11-BE37-000D3AB112CB.json</JsonFileName>
      <Type>1</Type>
      <Subprocess>0</Subprocess>
      <Category>5</Category>
      <Mode>0</Mode>
      <Scope>4</Scope>
      <OnDemand>0</OnDemand>
      <TriggerOnCreate>0</TriggerOnCreate>
      <TriggerOnDelete>0</TriggerOnDelete>
      <AsyncAutodelete>0</AsyncAutodelete>
      <SyncWorkflowLogOnFailure>0</SyncWorkflowLogOnFailure>
      <StateCode>1</StateCode>
      <StatusCode>2</StatusCode>
      <RunAs>1</RunAs>
      <IsTransacted>1</IsTransacted>
      <IntroducedVersion>1.0.0.0</IntroducedVersion>
      <IsCustomizable>1</IsCustomizable>
      <BusinessProcessType>0</BusinessProcessType>
      <IsCustomProcessingStepAllowedForOtherPublishers>1</IsCustomProcessingStepAllowedForOtherPublishers>
      <PrimaryEntity>none</PrimaryEntity>
      <LocalizedNames>
        <LocalizedName languagecode="1043" description="reportFull" />
      </LocalizedNames>
    </Workflow>
    <Workflow WorkflowId="{34e1b164-d198-ee11-be37-000d3ab112cb}" Name="commitendtime - 2" Description="When Power Apps control is triggered then SQL stored procedure should be executed.">
      <JsonFileName>/Workflows/commitendtime-2-34E1B164-D198-EE11-BE37-000D3AB112CB.json</JsonFileName>
      <Type>1</Type>
      <Subprocess>0</Subprocess>
      <Category>5</Category>
      <Mode>0</Mode>
      <Scope>4</Scope>
      <OnDemand>0</OnDemand>
      <TriggerOnCreate>0</TriggerOnCreate>
      <TriggerOnDelete>0</TriggerOnDelete>
      <AsyncAutodelete>0</AsyncAutodelete>
      <SyncWorkflowLogOnFailure>0</SyncWorkflowLogOnFailure>
      <StateCode>1</StateCode>
      <StatusCode>2</StatusCode>
      <RunAs>1</RunAs>
      <IsTransacted>1</IsTransacted>
      <IntroducedVersion>1.0.0.0</IntroducedVersion>
      <IsCustomizable>1</IsCustomizable>
      <BusinessProcessType>0</BusinessProcessType>
      <IsCustomProcessingStepAllowedForOtherPublishers>1</IsCustomProcessingStepAllowedForOtherPublishers>
      <BillingContext>[{"id":"new_editscrummembers_5fd62","type":"UnifiedApp","metadata":{"displayName":"Edit Scrum Members"}}]</BillingContext>
      <PrimaryEntity>none</PrimaryEntity>
      <LocalizedNames>
        <LocalizedName languagecode="1043" description="commitendtime - 2" />
      </LocalizedNames>
      <Descriptions>
        <Description languagecode="1043" description="When Power Apps control is triggered then SQL stored procedure should be executed." />
      </Descriptions>
    </Workflow>
  </Workflows>
  <FieldSecurityProfiles></FieldSecurityProfiles>
  <Templates />
  <EntityMaps />
  <EntityRelationships />
  <OrganizationSettings />
  <optionsets />
  <CustomControls />
  <EntityDataProviders />
  <CanvasApps>
    <CanvasApp>
      <Name>new_dailyteamreport_5d08b</Name>
      <AppVersion>2023-11-13T14:23:12Z</AppVersion>
      <Status>Ready</Status>
      <CreatedByClientVersion>3.23105.17.0</CreatedByClientVersion>
      <MinClientVersion>3.23105.17.0</MinClientVersion>
      <Tags>{"primaryDeviceWidth":"1366","primaryDeviceHeight":"768","supportsPortrait":"true","supportsLandscape":"true","primaryFormFactor":"Tablet","showStatusBar":"false","publisherVersion":"3.23105.17","minimumRequiredApiVersion":"2.2.0","hasComponent":"false","hasUnlockedComponent":"false","isUnifiedRootApp":"false","sienaVersion":"20231113T142312Z-3.23105.17.0"}</Tags>
      <IsCdsUpgraded>0</IsCdsUpgraded>
      <GalleryItemId xsi:nil="true"></GalleryItemId>
      <BackgroundColor>RGBA(0,176,240,1)</BackgroundColor>
      <DisplayName>Daily Team Report</DisplayName>
      <Description>This app publishes the reports of the Team, which the Team Lead may access

Beta 06/11/2023:
-Replaced the "Known Absent" counter with an "Unaccounted Member" counter, to ease team lead access
-Added an endtime column, to allow for the checking the endtimes submitted

Beta 07/11/2023
-Fixed the unaccounted members function</Description>
      <CommitMessage xsi:nil="true"></CommitMessage>
      <Publisher xsi:nil="true"></Publisher>
      <AuthorizationReferences>[]</AuthorizationReferences>
      <ConnectionReferences>{"fff830c7-3b92-4c0b-a9c6-b0bdc32ab646":{"id":"/providers/microsoft.powerapps/apis/shared_sql","displayName":"SQL Server","executionRestrictions":{"version":1,"modifiedOn":"2023-11-13 14:23:11","appVer":"3.23105.17","apiId":"/providers/microsoft.powerapps/apis/shared_sql","apiVer":2,"policy":"{\"type\":\"tabular\",\"dataSources\":{\"[dbo].[individual_reporting]\":[\"get\"]}}"},"iconUri":"https://connectoricons-prod.azureedge.net/releases/v1.0.1664/1.0.1664.3477/sql/icon.png","dataSources":["[dbo].[Team_Reporting]","Individual_Reporting"],"dependencies":[],"dependents":["a7f4d4c3-ac05-49eb-ad0d-dbb1d6365dfd"],"parameterHints":{},"parameterHintsV2":{},"isOnPremiseConnection":false,"sharedConnectionId":"a8a594ee-b011-4753-852b-11918430df06","bypassConsent":false,"dataSets":{"37.97.241.112,AttendanceSheet":{"dataSources":{"[dbo].[Team_Reporting]":{"tableName":"[dbo].[Team_Reporting]"},"Individual_Reporting":{"tableName":"[dbo].[Individual_Reporting]"}}}},"apiTier":"Premium","actions":["providers/PowerPlatform.Governance/Operations/Read"],"endpoints":["37.97.241.112,AttendanceSheet"],"authenticationType":"sqlAuthentication"},"5571ff13-bcf8-4998-a037-baa355ea0c0e":{"id":"/providers/microsoft.powerapps/apis/shared_sql","displayName":"SQL Server","executionRestrictions":{"version":1,"modifiedOn":"2023-11-13 14:23:11","appVer":"3.23105.17","apiId":"/providers/microsoft.powerapps/apis/shared_sql","apiVer":2,"policy":"{\"type\":\"tabular\",\"dataSources\":{\"[dbo].[scrumteams]\":[\"get\"],\"[dbo].[scrummembers]\":[\"get\"]}}"},"iconUri":"https://connectoricons-prod.azureedge.net/releases/v1.0.1664/1.0.1664.3477/sql/icon.png","dataSources":["ScrumTeams","ScrumMembers"],"dependencies":[],"dependents":[],"parameterHints":{},"parameterHintsV2":{},"isOnPremiseConnection":false,"sharedConnectionId":"71a38d5a-59d4-42dc-81b2-c4c1be0613cb","bypassConsent":false,"dataSets":{"37.97.241.112,AttendanceSheet":{"dataSources":{"ScrumTeams":{"tableName":"[dbo].[ScrumTeams]"},"ScrumMembers":{"tableName":"[dbo].[ScrumMembers]"}}}},"apiTier":"Premium","actions":["providers/PowerPlatform.Governance/Operations/Read"],"endpoints":["37.97.241.112,AttendanceSheet"],"authenticationType":"sqlAuthentication"},"a7f4d4c3-ac05-49eb-ad0d-dbb1d6365dfd":{"id":"/providers/microsoft.powerapps/apis/shared_logicflows","displayName":"Logic flows","iconUri":"https://connectoricons-prod.azureedge.net/releases/v1.0.1664/1.0.1664.3477/logicflows/icon.png","dataSources":["reportTeam"],"dependencies":["fff830c7-3b92-4c0b-a9c6-b0bdc32ab646"],"dependents":[],"parameterHints":{"workflowName":{"value":"ced44568-7069-4b98-8b83-77cc8e3728de"},"workflowEntityId":{},"fff830c7-3b92-4c0b-a9c6-b0bdc32ab646":{"value":"shared_sql"}},"parameterHintsV2":{"workflowName":{"value":"ced44568-7069-4b98-8b83-77cc8e3728de"},"workflowEntityId":{},"shared_sql":{"value":"fff830c7-3b92-4c0b-a9c6-b0bdc32ab646"}},"isOnPremiseConnection":false,"bypassConsent":false,"dataSets":{},"apiTier":"Standard","actions":["Run"]}}</ConnectionReferences>
      <DatabaseReferences>{}</DatabaseReferences>
      <AppComponents>[]</AppComponents>
      <AppComponentDependencies>[]</AppComponentDependencies>
      <CanConsumeAppPass>1</CanConsumeAppPass>
      <CanvasAppType>0</CanvasAppType>
      <BypassConsent>0</BypassConsent>
      <AdminControlBypassConsent>0</AdminControlBypassConsent>
      <EmbeddedApp xsi:nil="true"></EmbeddedApp>
      <IntroducedVersion>1.0</IntroducedVersion>
      <CdsDependencies>{"cdsdependencies":[]}</CdsDependencies>
      <IsCustomizable>1</IsCustomizable>
      <BackgroundImageUri>/CanvasApps/new_dailyteamreport_5d08b_BackgroundImageUri</BackgroundImageUri>
      <DocumentUri>/CanvasApps/new_dailyteamreport_5d08b_DocumentUri.msapp</DocumentUri>
    </CanvasApp>
    <CanvasApp>
      <Name>new_checkout_19f14</Name>
      <AppVersion>2023-11-09T08:41:46Z</AppVersion>
      <Status>Ready</Status>
      <CreatedByClientVersion>3.23104.18.0</CreatedByClientVersion>
      <MinClientVersion>3.23104.18.0</MinClientVersion>
      <Tags>{"primaryDeviceWidth":"1366","primaryDeviceHeight":"768","supportsPortrait":"true","supportsLandscape":"true","primaryFormFactor":"Tablet","showStatusBar":"false","publisherVersion":"3.23104.18","minimumRequiredApiVersion":"2.2.0","hasComponent":"false","hasUnlockedComponent":"false","isUnifiedRootApp":"false","sienaVersion":"20231109T084146Z-3.23104.18.0"}</Tags>
      <IsCdsUpgraded>0</IsCdsUpgraded>
      <GalleryItemId xsi:nil="true"></GalleryItemId>
      <BackgroundColor>RGBA(0,176,240,1)</BackgroundColor>
      <DisplayName>Check-Out</DisplayName>
      <Description>This form allows Scrum Members to declare their end time. Remember: access is conditional on you working on the day you're submitting!

Beta - 06/11/2023
-Optimized the time format
-Optimized the date format, so that it is universal, despite system inheritance

Beta - 07/11/2023
-Resident survey pilot system is now active
-Checkout bar on the left appears from most to less recent date

Beta - 08/11/2023
-Added instructions for ease of use
-Fixed the right-side bar, so that only active tickets may be selected/chosen
-Enabled editing one day ahead of the start time
-Reordered layout for better experience

Beta - 09/11/2023
-Enabled auto-refresh when import becomes successful
-End time minutes now appear in 5-minute increments</Description>
      <CommitMessage xsi:nil="true"></CommitMessage>
      <Publisher xsi:nil="true"></Publisher>
      <AuthorizationReferences>[]</AuthorizationReferences>
      <ConnectionReferences>{"a5e43940-57ef-4a6e-9747-d121db2354d2":{"id":"/providers/microsoft.powerapps/apis/shared_sql","displayName":"SQL Server","executionRestrictions":{"version":1,"modifiedOn":"2023-11-09 08:41:45","appVer":"3.23104.18","apiId":"/providers/microsoft.powerapps/apis/shared_sql","apiVer":2,"policy":"{\"type\":\"tabular\",\"dataSources\":{\"[dbo].[individual_reporting]\":[\"post\",\"patch\",\"get\",\"delete\"]}}"},"iconUri":"https://connectoricons-prod.azureedge.net/releases/v1.0.1664/1.0.1664.3477/sql/icon.png","dataSources":["[dbo].[Individual_Reporting]"],"dependencies":[],"dependents":["c75b580f-01c4-49d0-8320-4d29f0e7e10e","0dcddf20-7b43-485f-9d2b-1125859e8ff3"],"parameterHints":{},"parameterHintsV2":{},"isOnPremiseConnection":false,"sharedConnectionId":"25d7a1a4-e889-48f2-a8a1-fd87161d30cf","bypassConsent":false,"dataSets":{"37.97.241.112,AttendanceSheet":{"dataSources":{"[dbo].[Individual_Reporting]":{"tableName":"[dbo].[Individual_Reporting]"}}}},"apiTier":"Premium","actions":["providers/PowerPlatform.Governance/Operations/Read","providers/PowerPlatform.Governance/Operations/Write","providers/PowerPlatform.Governance/Operations/Delete"],"endpoints":["37.97.241.112,AttendanceSheet"],"authenticationType":"sqlAuthentication"},"c75b580f-01c4-49d0-8320-4d29f0e7e10e":{"id":"/providers/microsoft.powerapps/apis/shared_logicflows","displayName":"Logic flows","iconUri":"https://connectoricons-prod.azureedge.net/releases/v1.0.1664/1.0.1664.3477/logicflows/icon.png","dataSources":["surveyFill"],"dependencies":["a5e43940-57ef-4a6e-9747-d121db2354d2"],"dependents":[],"parameterHints":{"workflowName":{"value":"521ee7e1-5a61-4817-84af-47372f020860"},"workflowEntityId":{},"a5e43940-57ef-4a6e-9747-d121db2354d2":{"value":"shared_sql"}},"parameterHintsV2":{"workflowName":{"value":"521ee7e1-5a61-4817-84af-47372f020860"},"workflowEntityId":{},"shared_sql":{"value":"a5e43940-57ef-4a6e-9747-d121db2354d2"}},"isOnPremiseConnection":false,"bypassConsent":false,"dataSets":{},"apiTier":"Standard","actions":["Run"]},"0dcddf20-7b43-485f-9d2b-1125859e8ff3":{"id":"/providers/microsoft.powerapps/apis/shared_logicflows","displayName":"Logic flows","iconUri":"https://connectoricons-prod.azureedge.net/releases/v1.0.1664/1.0.1664.3477/logicflows/icon.png","dataSources":["commitendtime-2"],"dependencies":["a5e43940-57ef-4a6e-9747-d121db2354d2"],"dependents":[],"parameterHints":{"workflowName":{"value":"810fc80a-ca17-4bb0-a3d9-55b7e9e666c0"},"workflowEntityId":{},"a5e43940-57ef-4a6e-9747-d121db2354d2":{"value":"shared_sql"}},"parameterHintsV2":{"workflowName":{"value":"810fc80a-ca17-4bb0-a3d9-55b7e9e666c0"},"workflowEntityId":{},"shared_sql":{"value":"a5e43940-57ef-4a6e-9747-d121db2354d2"}},"isOnPremiseConnection":false,"bypassConsent":false,"dataSets":{},"apiTier":"Standard","actions":["Run"]}}</ConnectionReferences>
      <DatabaseReferences>{}</DatabaseReferences>
      <AppComponents>[]</AppComponents>
      <AppComponentDependencies>[]</AppComponentDependencies>
      <CanConsumeAppPass>1</CanConsumeAppPass>
      <CanvasAppType>0</CanvasAppType>
      <BypassConsent>0</BypassConsent>
      <AdminControlBypassConsent>0</AdminControlBypassConsent>
      <EmbeddedApp xsi:nil="true"></EmbeddedApp>
      <IntroducedVersion>1.0</IntroducedVersion>
      <CdsDependencies>{"cdsdependencies":[]}</CdsDependencies>
      <IsCustomizable>1</IsCustomizable>
      <BackgroundImageUri>/CanvasApps/new_checkout_19f14_BackgroundImageUri</BackgroundImageUri>
      <DocumentUri>/CanvasApps/new_checkout_19f14_DocumentUri.msapp</DocumentUri>
    </CanvasApp>
    <CanvasApp>
      <Name>new_checkin_c0cc3</Name>
      <AppVersion>2023-12-15T10:35:21Z</AppVersion>
      <Status>Ready</Status>
      <CreatedByClientVersion>3.23121.20.0</CreatedByClientVersion>
      <MinClientVersion>3.23121.20.0</MinClientVersion>
      <Tags>{"primaryDeviceWidth":"1366","primaryDeviceHeight":"768","supportsPortrait":"true","supportsLandscape":"true","primaryFormFactor":"Tablet","showStatusBar":"false","publisherVersion":"3.23121.20","minimumRequiredApiVersion":"2.2.0","hasComponent":"false","hasUnlockedComponent":"false","isUnifiedRootApp":"false","sienaVersion":"20231113T090412Z-3.23105.17.0","offlineLargeFilesSupport":"false"}</Tags>
      <IsCdsUpgraded>0</IsCdsUpgraded>
      <GalleryItemId xsi:nil="true"></GalleryItemId>
      <BackgroundColor>RGBA(0,176,240,1)</BackgroundColor>
      <DisplayName>Check-In</DisplayName>
      <Description>This form allows Scrum Members to register their start times.

Beta - 06/11/2023
-Replaced the "Getting Your Data" placeholder with a new input screen
-Applied a fix, turning the datetime format universal

Beta - 07/11/2023
-The right side scroll bar now appears from newest to latest

Beta - 08/11/2023
-Fixed bug which kept the items on the right-side scroll bar constant
-Disabled altering dates which correspond to active tickets to improve usability

Beta - 09/11/2023
-Formatted dates so that their format is insignificant for submission (additional update)
-Enabled automated refresh of the data sources
-UI/UX minor improvements
-Removed the "Delete" button from the DSU, until different functionality required</Description>
      <CommitMessage xsi:nil="true"></CommitMessage>
      <Publisher xsi:nil="true"></Publisher>
      <AuthorizationReferences>[]</AuthorizationReferences>
      <ConnectionReferences>{"9ec4e465-147b-4902-8a99-ad5889c46887":{"id":"/providers/microsoft.powerapps/apis/shared_sql","displayName":"SQL Server","executionRestrictions":{"version":1,"modifiedOn":"2023-12-15 10:35:20","appVer":"3.23121.20","apiId":"/providers/microsoft.powerapps/apis/shared_sql","apiVer":2,"policy":"{\"type\":\"tabular\",\"dataSources\":{\"[dbo].[individual_reporting]\":[\"post\",\"patch\",\"get\",\"delete\"]}}"},"iconUri":"https://connectoricons-prod.azureedge.net/releases/v1.0.1666/1.0.1666.3495/sql/icon.png","dataSources":["[dbo].[Individual_Reporting]"],"dependencies":[],"dependents":["1cb5ecca-e7eb-4e4a-a1f6-1529b40b3ae9"],"parameterHints":{},"parameterHintsV2":{},"isOnPremiseConnection":false,"sharedConnectionId":"6f515dbb-ec7c-428b-9991-198a297fb9ae","bypassConsent":false,"dataSets":{"37.97.241.112,AttendanceSheet":{"dataSources":{"[dbo].[Individual_Reporting]":{"tableName":"[dbo].[Individual_Reporting]"}}}},"apiTier":"Premium","actions":["providers/PowerPlatform.Governance/Operations/Read","providers/PowerPlatform.Governance/Operations/Write","providers/PowerPlatform.Governance/Operations/Delete"],"endpoints":["37.97.241.112,AttendanceSheet"],"authenticationType":"sqlAuthentication"},"1cb5ecca-e7eb-4e4a-a1f6-1529b40b3ae9":{"id":"/providers/microsoft.powerapps/apis/shared_logicflows","displayName":"Logic flows","iconUri":"https://connectoricons-prod.azureedge.net/releases/v1.0.1664/1.0.1664.3477/logicflows/icon.png","dataSources":["individualreporting"],"dependencies":["9ec4e465-147b-4902-8a99-ad5889c46887"],"dependents":[],"parameterHints":{"workflowName":{"value":"8125d282-4356-4cbf-bbe8-27b9a437abbe"},"workflowEntityId":{"value":"a5e0b164-d198-ee11-be37-000d3ab112cb"},"9ec4e465-147b-4902-8a99-ad5889c46887":{"value":"shared_sql"}},"parameterHintsV2":{"workflowName":{"value":"8125d282-4356-4cbf-bbe8-27b9a437abbe"},"workflowEntityId":{"value":"a5e0b164-d198-ee11-be37-000d3ab112cb"},"shared_sql":{"value":"9ec4e465-147b-4902-8a99-ad5889c46887"}},"isOnPremiseConnection":false,"bypassConsent":false,"dataSets":{},"apiTier":"Standard","actions":["Run"]}}</ConnectionReferences>
      <DatabaseReferences>{}</DatabaseReferences>
      <AppComponents>[]</AppComponents>
      <AppComponentDependencies>[]</AppComponentDependencies>
      <CanConsumeAppPass>1</CanConsumeAppPass>
      <CanvasAppType>0</CanvasAppType>
      <BypassConsent>0</BypassConsent>
      <AdminControlBypassConsent>0</AdminControlBypassConsent>
      <EmbeddedApp xsi:nil="true"></EmbeddedApp>
      <IntroducedVersion>1.0</IntroducedVersion>
      <CdsDependencies>{"cdsdependencies":[{"dependencyid":"a5e0b164-d198-ee11-be37-000d3ab112cb","componenttype":29,"componenttypeplatformname":"Workflow"}]}</CdsDependencies>
      <IsCustomizable>1</IsCustomizable>
      <BackgroundImageUri>/CanvasApps/new_checkin_c0cc3_BackgroundImageUri</BackgroundImageUri>
      <DocumentUri>/CanvasApps/new_checkin_c0cc3_DocumentUri.msapp</DocumentUri>
      <AdditionalUris>
        <AdditionalUri>/CanvasApps/new_checkin_c0cc3_AdditionalUris0_identity.json</AdditionalUri>
      </AdditionalUris>
    </CanvasApp>
    <CanvasApp>
      <Name>new_dailyldreport_63e04</Name>
      <AppVersion>2023-11-02T14:59:31Z</AppVersion>
      <Status>Ready</Status>
      <CreatedByClientVersion>3.23102.20.0</CreatedByClientVersion>
      <MinClientVersion>3.23102.20.0</MinClientVersion>
      <Tags>{"primaryDeviceWidth":"1366","primaryDeviceHeight":"768","supportsPortrait":"true","supportsLandscape":"true","primaryFormFactor":"Tablet","showStatusBar":"false","publisherVersion":"3.23102.20","minimumRequiredApiVersion":"2.2.0","hasComponent":"false","hasUnlockedComponent":"false","isUnifiedRootApp":"false","sienaVersion":"20231102T145931Z-3.23102.20.0"}</Tags>
      <IsCdsUpgraded>0</IsCdsUpgraded>
      <GalleryItemId xsi:nil="true"></GalleryItemId>
      <BackgroundColor>RGBA(0,176,240,1)</BackgroundColor>
      <DisplayName>Daily L&amp;D Report</DisplayName>
      <Description>This form publishes a report on the activity of all the MasterClass Professionals, as it has been verified by their Team Leads</Description>
      <CommitMessage xsi:nil="true"></CommitMessage>
      <Publisher xsi:nil="true"></Publisher>
      <AuthorizationReferences>[]</AuthorizationReferences>
      <ConnectionReferences>{"fff830c7-3b92-4c0b-a9c6-b0bdc32ab646":{"id":"/providers/microsoft.powerapps/apis/shared_sql","displayName":"SQL Server","executionRestrictions":{"version":1,"modifiedOn":"2023-11-02 14:59:30","appVer":"3.23102.20","apiId":"/providers/microsoft.powerapps/apis/shared_sql","apiVer":2,"policy":"{\"type\":\"tabular\",\"dataSources\":{\"[dbo].[team_reporting]\":[\"get\"],\"[dbo].[individual_reporting]\":[\"get\"],\"[dbo].[scrumteams]\":[\"get\"]}}"},"iconUri":"https://connectoricons-prod.azureedge.net/releases/v1.0.1664/1.0.1664.3477/sql/icon.png","dataSources":["[dbo].[Team_Reporting]","Individual_Reporting","ScrumTeams"],"dependencies":[],"dependents":["83e31eff-eedb-47aa-be2d-5b432a1badc9"],"parameterHints":{},"parameterHintsV2":{},"isOnPremiseConnection":false,"sharedConnectionId":"87a11181-9f5e-45aa-ac07-bfd7d33070a7","bypassConsent":false,"dataSets":{"37.97.241.112,AttendanceSheet":{"dataSources":{"[dbo].[Team_Reporting]":{"tableName":"[dbo].[Team_Reporting]"},"Individual_Reporting":{"tableName":"[dbo].[Individual_Reporting]"},"ScrumTeams":{"tableName":"[dbo].[ScrumTeams]"}}}},"apiTier":"Premium","actions":["providers/PowerPlatform.Governance/Operations/Read"],"endpoints":["37.97.241.112,AttendanceSheet"],"authenticationType":"sqlAuthentication"},"9706b567-9522-468c-9e5e-50e0e05d127c":{"id":"/providers/microsoft.powerapps/apis/shared_sql","displayName":"SQL Server","executionRestrictions":{"version":1,"modifiedOn":"2023-11-02 14:59:30","appVer":"3.23102.20","apiId":"/providers/microsoft.powerapps/apis/shared_sql","policy":"{\"type\":\"unused\"}"},"iconUri":"https://connectoricons-prod.azureedge.net/releases/v1.0.1664/1.0.1664.3477/sql/icon.png","dataSources":["Full_Day_Reporting"],"dependencies":[],"dependents":[],"parameterHints":{},"parameterHintsV2":{},"isOnPremiseConnection":false,"sharedConnectionId":"4db7c2a6-a961-43ca-b584-fbe7c72b7aa6","bypassConsent":false,"dataSets":{"37.97.241.112,AttendanceSheet":{"dataSources":{"Full_Day_Reporting":{"tableName":"[dbo].[Full_Day_Reporting]"}}}},"apiTier":"Premium","endpoints":["37.97.241.112,AttendanceSheet"],"authenticationType":"sqlAuthentication"},"83e31eff-eedb-47aa-be2d-5b432a1badc9":{"id":"/providers/microsoft.powerapps/apis/shared_logicflows","displayName":"Logic flows","iconUri":"https://connectoricons-prod.azureedge.net/releases/v1.0.1664/1.0.1664.3477/logicflows/icon.png","dataSources":["reportFull"],"dependencies":["fff830c7-3b92-4c0b-a9c6-b0bdc32ab646"],"dependents":[],"parameterHints":{"workflowName":{"value":"dbd11010-168a-4048-b254-f2c431c195c6"},"workflowEntityId":{},"fff830c7-3b92-4c0b-a9c6-b0bdc32ab646":{"value":"shared_sql_1"}},"parameterHintsV2":{"workflowName":{"value":"dbd11010-168a-4048-b254-f2c431c195c6"},"workflowEntityId":{},"shared_sql_1":{"value":"fff830c7-3b92-4c0b-a9c6-b0bdc32ab646"}},"isOnPremiseConnection":false,"bypassConsent":false,"dataSets":{},"apiTier":"Standard","actions":["Run"]}}</ConnectionReferences>
      <DatabaseReferences>{}</DatabaseReferences>
      <AppComponents>[]</AppComponents>
      <AppComponentDependencies>[]</AppComponentDependencies>
      <CanConsumeAppPass>1</CanConsumeAppPass>
      <CanvasAppType>0</CanvasAppType>
      <BypassConsent>0</BypassConsent>
      <AdminControlBypassConsent>0</AdminControlBypassConsent>
      <EmbeddedApp xsi:nil="true"></EmbeddedApp>
      <IntroducedVersion>1.0</IntroducedVersion>
      <CdsDependencies>{"cdsdependencies":[]}</CdsDependencies>
      <IsCustomizable>1</IsCustomizable>
      <BackgroundImageUri>/CanvasApps/new_dailyldreport_63e04_BackgroundImageUri</BackgroundImageUri>
      <DocumentUri>/CanvasApps/new_dailyldreport_63e04_DocumentUri.msapp</DocumentUri>
    </CanvasApp>
    <CanvasApp>
      <Name>new_editscrummembers_5fd62</Name>
      <AppVersion>2023-11-09T17:54:45Z</AppVersion>
      <Status>Ready</Status>
      <CreatedByClientVersion>3.23104.18.0</CreatedByClientVersion>
      <MinClientVersion>3.23104.18.0</MinClientVersion>
      <Tags>{"primaryDeviceWidth":"1919","primaryDeviceHeight":"791","supportsPortrait":"true","supportsLandscape":"true","primaryFormFactor":"Tablet","showStatusBar":"false","publisherVersion":"3.23104.18","minimumRequiredApiVersion":"2.2.0","hasComponent":"false","hasUnlockedComponent":"false","isUnifiedRootApp":"false","sienaVersion":"20231109T175445Z-3.23104.18.0"}</Tags>
      <IsCdsUpgraded>0</IsCdsUpgraded>
      <GalleryItemId xsi:nil="true"></GalleryItemId>
      <BackgroundColor>RGBA(0,176,240,1)</BackgroundColor>
      <DisplayName>Edit Scrum Members</DisplayName>
      <Description>This app allows the registration of Scrum Members into the appropriate database

Beta 09/11/2023:
-Minor UI/UX updates</Description>
      <CommitMessage xsi:nil="true"></CommitMessage>
      <Publisher xsi:nil="true"></Publisher>
      <AuthorizationReferences>[]</AuthorizationReferences>
      <ConnectionReferences>{"a86b8054-4828-4cfa-9209-b1f84b59b7c9":{"id":"/providers/microsoft.powerapps/apis/shared_sql","displayName":"SQL Server","executionRestrictions":{"version":1,"modifiedOn":"2023-11-09 17:54:44","appVer":"3.23104.18","apiId":"/providers/microsoft.powerapps/apis/shared_sql","apiVer":2,"policy":"{\"type\":\"tabular\",\"dataSources\":{\"[dbo].[scrummembers]\":[\"post\",\"patch\",\"get\"]}}"},"iconUri":"https://connectoricons-prod.azureedge.net/releases/v1.0.1664/1.0.1664.3477/sql/icon.png","dataSources":["[dbo].[ScrumMembers]"],"dependencies":[],"dependents":[],"parameterHints":{},"parameterHintsV2":{},"isOnPremiseConnection":false,"sharedConnectionId":"95269a64-c5f7-4d78-abde-1f6a5a628d6c","bypassConsent":false,"dataSets":{"37.97.241.112,AttendanceSheet":{"dataSources":{"[dbo].[ScrumMembers]":{"tableName":"[dbo].[ScrumMembers]"}}}},"apiTier":"Premium","actions":["providers/PowerPlatform.Governance/Operations/Read","providers/PowerPlatform.Governance/Operations/Write"],"endpoints":["37.97.241.112,AttendanceSheet"],"authenticationType":"sqlAuthentication"},"101fe24e-1f65-4787-b26e-d9415a9cda94":{"id":"/providers/microsoft.powerapps/apis/shared_sql","displayName":"SQL Server","executionRestrictions":{"version":1,"modifiedOn":"2023-11-09 17:54:44","appVer":"3.23104.18","apiId":"/providers/microsoft.powerapps/apis/shared_sql","apiVer":2,"policy":"{\"type\":\"tabular\",\"dataSources\":{\"[dbo].[scrumteams]\":[\"get\"]}}"},"iconUri":"https://connectoricons-prod.azureedge.net/releases/v1.0.1664/1.0.1664.3477/sql/icon.png","dataSources":["ScrumTeams"],"dependencies":[],"dependents":["18ff9418-d947-4707-b27d-540c913ef738","316bbb30-9233-401f-9927-8daa902139b3","4823ac53-12c5-4b8a-80d4-3f0436734eea"],"parameterHints":{},"parameterHintsV2":{},"isOnPremiseConnection":false,"sharedConnectionId":"bdff8b77-8cf9-449b-ac81-b37eec4ee6ff","bypassConsent":false,"dataSets":{"37.97.241.112,AttendanceSheet":{"dataSources":{"ScrumTeams":{"tableName":"[dbo].[ScrumTeams]"}}}},"apiTier":"Premium","actions":["providers/PowerPlatform.Governance/Operations/Read"],"endpoints":["37.97.241.112,AttendanceSheet"],"authenticationType":"sqlAuthentication"},"18ff9418-d947-4707-b27d-540c913ef738":{"id":"/providers/microsoft.powerapps/apis/shared_logicflows","displayName":"Logic flows","iconUri":"https://connectoricons-prod.azureedge.net/releases/v1.0.1664/1.0.1664.3477/logicflows/icon.png","dataSources":["commitmember-2"],"dependencies":["101fe24e-1f65-4787-b26e-d9415a9cda94"],"dependents":[],"parameterHints":{"workflowName":{"value":"e830222b-19c4-4157-9814-c37688fed977"},"workflowEntityId":{},"101fe24e-1f65-4787-b26e-d9415a9cda94":{"value":"shared_sql"}},"parameterHintsV2":{"workflowName":{"value":"e830222b-19c4-4157-9814-c37688fed977"},"workflowEntityId":{},"shared_sql":{"value":"101fe24e-1f65-4787-b26e-d9415a9cda94"}},"isOnPremiseConnection":false,"bypassConsent":false,"dataSets":{},"apiTier":"Standard","actions":["Run"]},"316bbb30-9233-401f-9927-8daa902139b3":{"id":"/providers/microsoft.powerapps/apis/shared_logicflows","displayName":"Logic flows","iconUri":"https://connectoricons-prod.azureedge.net/releases/v1.0.1664/1.0.1664.3477/logicflows/icon.png","dataSources":["deletemember"],"dependencies":["101fe24e-1f65-4787-b26e-d9415a9cda94"],"dependents":[],"parameterHints":{"workflowName":{"value":"fa218a7b-d490-4a42-8482-519f4ece9ba4"},"workflowEntityId":{},"101fe24e-1f65-4787-b26e-d9415a9cda94":{"value":"shared_sql"}},"parameterHintsV2":{"workflowName":{"value":"fa218a7b-d490-4a42-8482-519f4ece9ba4"},"workflowEntityId":{},"shared_sql":{"value":"101fe24e-1f65-4787-b26e-d9415a9cda94"}},"isOnPremiseConnection":false,"bypassConsent":false,"dataSets":{},"apiTier":"Standard","actions":["Run"]},"4823ac53-12c5-4b8a-80d4-3f0436734eea":{"id":"/providers/microsoft.powerapps/apis/shared_logicflows","displayName":"Logic flows","iconUri":"https://connectoricons-prod.azureedge.net/releases/v1.0.1664/1.0.1664.3477/logicflows/icon.png","dataSources":["getdeparture"],"dependencies":["101fe24e-1f65-4787-b26e-d9415a9cda94"],"dependents":[],"parameterHints":{"workflowName":{"value":"fccb8d84-fa35-44e6-b9ad-50de66951794"},"workflowEntityId":{},"101fe24e-1f65-4787-b26e-d9415a9cda94":{"value":"shared_sql"}},"parameterHintsV2":{"workflowName":{"value":"fccb8d84-fa35-44e6-b9ad-50de66951794"},"workflowEntityId":{},"shared_sql":{"value":"101fe24e-1f65-4787-b26e-d9415a9cda94"}},"isOnPremiseConnection":false,"bypassConsent":false,"dataSets":{},"apiTier":"Standard","actions":["Run"]}}</ConnectionReferences>
      <DatabaseReferences>{}</DatabaseReferences>
      <AppComponents>[]</AppComponents>
      <AppComponentDependencies>[]</AppComponentDependencies>
      <CanConsumeAppPass>1</CanConsumeAppPass>
      <CanvasAppType>0</CanvasAppType>
      <BypassConsent>0</BypassConsent>
      <AdminControlBypassConsent>0</AdminControlBypassConsent>
      <EmbeddedApp xsi:nil="true"></EmbeddedApp>
      <IntroducedVersion>1.0</IntroducedVersion>
      <CdsDependencies>{"cdsdependencies":[]}</CdsDependencies>
      <IsCustomizable>1</IsCustomizable>
      <BackgroundImageUri>/CanvasApps/new_editscrummembers_5fd62_BackgroundImageUri</BackgroundImageUri>
      <DocumentUri>/CanvasApps/new_editscrummembers_5fd62_DocumentUri.msapp</DocumentUri>
    </CanvasApp>
    <CanvasApp>
      <Name>new_editscrumteam_c4767</Name>
      <AppVersion>2023-11-06T14:08:22Z</AppVersion>
      <Status>Ready</Status>
      <CreatedByClientVersion>3.23102.20.0</CreatedByClientVersion>
      <MinClientVersion>3.23102.20.0</MinClientVersion>
      <Tags>{"primaryDeviceWidth":"1919","primaryDeviceHeight":"791","supportsPortrait":"true","supportsLandscape":"true","primaryFormFactor":"Tablet","showStatusBar":"false","publisherVersion":"3.23102.20","minimumRequiredApiVersion":"2.2.0","hasComponent":"false","hasUnlockedComponent":"false","isUnifiedRootApp":"false","sienaVersion":"20231106T140822Z-3.23102.20.0"}</Tags>
      <IsCdsUpgraded>0</IsCdsUpgraded>
      <GalleryItemId xsi:nil="true"></GalleryItemId>
      <BackgroundColor>RGBA(0,176,240,1)</BackgroundColor>
      <DisplayName>Edit Scrum Team</DisplayName>
      <Description>Scrum Team information form for the Attendance Sheet Project. Also, where authorized personnel may edit the Scrum Team information.</Description>
      <CommitMessage xsi:nil="true"></CommitMessage>
      <Publisher xsi:nil="true"></Publisher>
      <AuthorizationReferences>[]</AuthorizationReferences>
      <ConnectionReferences>{"e9ddab3f-610b-4659-a441-91e53ab0d70d":{"id":"/providers/microsoft.powerapps/apis/shared_sql","displayName":"SQL Server","executionRestrictions":{"version":1,"modifiedOn":"2023-11-06 14:08:21","appVer":"3.23102.20","apiId":"/providers/microsoft.powerapps/apis/shared_sql","apiVer":2,"policy":"{\"type\":\"tabular\",\"dataSources\":{\"[dbo].[scrumteams]\":[\"post\",\"patch\",\"get\",\"delete\"]}}"},"iconUri":"https://connectoricons-prod.azureedge.net/releases/v1.0.1664/1.0.1664.3477/sql/icon.png","dataSources":["[dbo].[ScrumTeams]"],"dependencies":[],"dependents":["56d27035-3cb2-4404-85db-0426727b9416"],"parameterHints":{},"parameterHintsV2":{},"isOnPremiseConnection":false,"sharedConnectionId":"62e0c8a4-aa78-4889-8f78-00ec2f7f0770","bypassConsent":false,"dataSets":{"37.97.241.112,AttendanceSheet":{"dataSources":{"[dbo].[ScrumTeams]":{"tableName":"[dbo].[ScrumTeams]"}}}},"apiTier":"Premium","actions":["providers/PowerPlatform.Governance/Operations/Read","providers/PowerPlatform.Governance/Operations/Write","providers/PowerPlatform.Governance/Operations/Delete"],"endpoints":["37.97.241.112,AttendanceSheet"],"authenticationType":"sqlAuthentication"},"56d27035-3cb2-4404-85db-0426727b9416":{"id":"/providers/microsoft.powerapps/apis/shared_logicflows","displayName":"Logic flows","iconUri":"https://connectoricons-prod.azureedge.net/releases/v1.0.1664/1.0.1664.3477/logicflows/icon.png","dataSources":["newTeamInformation"],"dependencies":["e9ddab3f-610b-4659-a441-91e53ab0d70d"],"dependents":[],"parameterHints":{"workflowName":{"value":"a20a8667-bdce-4cf4-b2f6-f833aa3a089d"},"workflowEntityId":{},"e9ddab3f-610b-4659-a441-91e53ab0d70d":{"value":"shared_sql"}},"parameterHintsV2":{"workflowName":{"value":"a20a8667-bdce-4cf4-b2f6-f833aa3a089d"},"workflowEntityId":{},"shared_sql":{"value":"e9ddab3f-610b-4659-a441-91e53ab0d70d"}},"isOnPremiseConnection":false,"bypassConsent":false,"dataSets":{},"apiTier":"Standard","actions":["Run"]}}</ConnectionReferences>
      <DatabaseReferences>{}</DatabaseReferences>
      <AppComponents>[]</AppComponents>
      <AppComponentDependencies>[]</AppComponentDependencies>
      <CanConsumeAppPass>1</CanConsumeAppPass>
      <CanvasAppType>0</CanvasAppType>
      <BypassConsent>0</BypassConsent>
      <AdminControlBypassConsent>0</AdminControlBypassConsent>
      <EmbeddedApp xsi:nil="true"></EmbeddedApp>
      <IntroducedVersion>1.0</IntroducedVersion>
      <CdsDependencies>{"cdsdependencies":[]}</CdsDependencies>
      <IsCustomizable>1</IsCustomizable>
      <BackgroundImageUri>/CanvasApps/new_editscrumteam_c4767_BackgroundImageUri</BackgroundImageUri>
      <DocumentUri>/CanvasApps/new_editscrumteam_c4767_DocumentUri.msapp</DocumentUri>
    </CanvasApp>
  </CanvasApps>
  <connectionreferences>
    <connectionreference connectionreferencelogicalname="new_sharedsql_7645b">
      <connectionreferencedisplayname>SQL Server AttendanceSolutions-7645b</connectionreferencedisplayname>
      <connectorid>/providers/Microsoft.PowerApps/apis/shared_sql</connectorid>
      <iscustomizable>1</iscustomizable>
      <statecode>0</statecode>
      <statuscode>1</statuscode>
    </connectionreference>
  </connectionreferences>
  <Languages>
    <Language>1043</Language>
  </Languages>
</ImportExportXml>