<ImportExportXml version="9.2.23121.190" SolutionPackageVersion="9.2" languagecode="1043" generatedBy="CrmLive" xmlns:xsi="http://www.w3.org/2001/XMLSchema-instance">
  <SolutionManifest>
    <UniqueName>AttendanceSolutions</UniqueName>
    <LocalizedNames>
      <LocalizedName description="Attendance Solutions" languagecode="1043" />
    </LocalizedNames>
    <Descriptions />
    <Version>1.0.0.1</Version>
    <Managed>0</Managed>
    <Publisher>
      <UniqueName>Systeembeheer</UniqueName>
      <LocalizedNames>
        <LocalizedName description="Systeembeheer" languagecode="1043" />
      </LocalizedNames>
      <Descriptions />
      <EMailAddress xsi:nil="true"></EMailAddress>
      <SupportingWebsiteUrl xsi:nil="true"></SupportingWebsiteUrl>
      <CustomizationPrefix>sysadmin</CustomizationPrefix>
      <CustomizationOptionValuePrefix>80750</CustomizationOptionValuePrefix>
      <Addresses>
        <Address>
          <AddressNumber>1</AddressNumber>
          <AddressTypeCode>1</AddressTypeCode>
          <City xsi:nil="true"></City>
          <County xsi:nil="true"></County>
          <Country xsi:nil="true"></Country>
          <Fax xsi:nil="true"></Fax>
          <FreightTermsCode xsi:nil="true"></FreightTermsCode>
          <ImportSequenceNumber xsi:nil="true"></ImportSequenceNumber>
          <Latitude xsi:nil="true"></Latitude>
          <Line1 xsi:nil="true"></Line1>
          <Line2 xsi:nil="true"></Line2>
          <Line3 xsi:nil="true"></Line3>
          <Longitude xsi:nil="true"></Longitude>
          <Name xsi:nil="true"></Name>
          <PostalCode xsi:nil="true"></PostalCode>
          <PostOfficeBox xsi:nil="true"></PostOfficeBox>
          <PrimaryContactName xsi:nil="true"></PrimaryContactName>
          <ShippingMethodCode>1</ShippingMethodCode>
          <StateOrProvince xsi:nil="true"></StateOrProvince>
          <Telephone1 xsi:nil="true"></Telephone1>
          <Telephone2 xsi:nil="true"></Telephone2>
          <Telephone3 xsi:nil="true"></Telephone3>
          <TimeZoneRuleVersionNumber xsi:nil="true"></TimeZoneRuleVersionNumber>
          <UPSZone xsi:nil="true"></UPSZone>
          <UTCOffset xsi:nil="true"></UTCOffset>
          <UTCConversionTimeZoneCode xsi:nil="true"></UTCConversionTimeZoneCode>
        </Address>
        <Address>
          <AddressNumber>2</AddressNumber>
          <AddressTypeCode>1</AddressTypeCode>
          <City xsi:nil="true"></City>
          <County xsi:nil="true"></County>
          <Country xsi:nil="true"></Country>
          <Fax xsi:nil="true"></Fax>
          <FreightTermsCode xsi:nil="true"></FreightTermsCode>
          <ImportSequenceNumber xsi:nil="true"></ImportSequenceNumber>
          <Latitude xsi:nil="true"></Latitude>
          <Line1 xsi:nil="true"></Line1>
          <Line2 xsi:nil="true"></Line2>
          <Line3 xsi:nil="true"></Line3>
          <Longitude xsi:nil="true"></Longitude>
          <Name xsi:nil="true"></Name>
          <PostalCode xsi:nil="true"></PostalCode>
          <PostOfficeBox xsi:nil="true"></PostOfficeBox>
          <PrimaryContactName xsi:nil="true"></PrimaryContactName>
          <ShippingMethodCode>1</ShippingMethodCode>
          <StateOrProvince xsi:nil="true"></StateOrProvince>
          <Telephone1 xsi:nil="true"></Telephone1>
          <Telephone2 xsi:nil="true"></Telephone2>
          <Telephone3 xsi:nil="true"></Telephone3>
          <TimeZoneRuleVersionNumber xsi:nil="true"></TimeZoneRuleVersionNumber>
          <UPSZone xsi:nil="true"></UPSZone>
          <UTCOffset xsi:nil="true"></UTCOffset>
          <UTCConversionTimeZoneCode xsi:nil="true"></UTCConversionTimeZoneCode>
        </Address>
      </Addresses>
    </Publisher>
    <RootComponents>
      <RootComponent type="29" id="{2ee1b164-d198-ee11-be37-000d3ab112cb}" behavior="0" />
      <RootComponent type="29" id="{34e1b164-d198-ee11-be37-000d3ab112cb}" behavior="0" />
      <RootComponent type="29" id="{a5e0b164-d198-ee11-be37-000d3ab112cb}" behavior="0" />
      <RootComponent type="29" id="{a6e0b164-d198-ee11-be37-000d3ab112cb}" behavior="0" />
      <RootComponent type="29" id="{a7e0b164-d198-ee11-be37-000d3ab112cb}" behavior="0" />
      <RootComponent type="29" id="{a8e0b164-d198-ee11-be37-000d3ab112cb}" behavior="0" />
      <RootComponent type="29" id="{f9e0b164-d198-ee11-be37-000d3ab112cb}" behavior="0" />
      <RootComponent type="29" id="{fae0b164-d198-ee11-be37-000d3ab112cb}" behavior="0" />
      <RootComponent type="29" id="{fbe0b164-d198-ee11-be37-000d3ab112cb}" behavior="0" />
      <RootComponent type="29" id="{fce0b164-d198-ee11-be37-000d3ab112cb}" behavior="0" />
      <RootComponent type="300" schemaName="new_checkin_c0cc3" behavior="0" />
      <RootComponent type="300" schemaName="new_checkout_19f14" behavior="0" />
      <RootComponent type="300" schemaName="new_dailyldreport_63e04" behavior="0" />
      <RootComponent type="300" schemaName="new_dailyteamreport_5d08b" behavior="0" />
      <RootComponent type="300" schemaName="new_editscrummembers_5fd62" behavior="0" />
      <RootComponent type="300" schemaName="new_editscrumteam_c4767" behavior="0" />
    </RootComponents>
    <MissingDependencies />
  </SolutionManifest>
</ImportExportXml>