{
  "properties": {
    "connectionReferences": {
      "shared_sql": {
        "runtimeSource": "invoker",
        "connection": {
          "connectionReferenceLogicalName": "new_sharedsql_7645b"
        },
        "api": {
          "name": "shared_sql"
        }
      }
    },
    "definition": {
      "$schema": "https://schema.management.azure.com/providers/Microsoft.Logic/schemas/2016-06-01/workflowdefinition.json#",
      "contentVersion": "1.0.0.0",
      "parameters": {
        "$connections": {
          "defaultValue": {},
          "type": "Object"
        },
        "$authentication": {
          "defaultValue": {},
          "type": "SecureObject"
        }
      },
      "triggers": {
        "manual": {
          "metadata": {
            "operationMetadataId": "0d64f4fe-c4c3-4f9e-9e07-7c5b3736699f"
          },
          "type": "Request",
          "kind": "PowerApp",
          "inputs": {
            "schema": {
              "type": "object",
              "properties": {
                "Executestoredprocedure(V2)_endtime": {
                  "type": "string",
                  "x-ms-powerflows-param-ispartial": false
                },
                "Executestoredprocedure(V2)_membername": {
                  "type": "string",
                  "x-ms-powerflows-param-ispartial": false
                },
                "Executestoredprocedure(V2)_dsudateinfo": {
                  "type": "string",
                  "x-ms-powerflows-param-ispartial": false
                }
              },
              "required": [
                "Executestoredprocedure(V2)_endtime",
                "Executestoredprocedure(V2)_membername",
                "Executestoredprocedure(V2)_dsudateinfo"
              ]
            }
          }
        }
      },
      "actions": {
        "Execute_stored_procedure_(V2)": {
          "runAfter": {},
          "metadata": {
            "operationMetadataId": "57148b46-031f-485e-a9dc-fad02298d6f9"
          },
          "type": "OpenApiConnection",
          "inputs": {
            "host": {
              "apiId": "/providers/Microsoft.PowerApps/apis/shared_sql",
              "connectionName": "shared_sql",
              "operationId": "ExecuteProcedure_V2"
            },
            "parameters": {
              "server": "default",
              "database": "default",
              "procedure": "[dbo].[commitEndTime]",
              "parameters/dsudateinfo": "@triggerBody()['Executestoredprocedure(V2)_dsudateinfo']",
              "parameters/endtime": "@triggerBody()['Executestoredprocedure(V2)_endtime']",
              "parameters/membername": "@triggerBody()['Executestoredprocedure(V2)_membername']"
            },
            "authentication": {
              "value": "@json(decodeBase64(triggerOutputs().headers['X-MS-APIM-Tokens']))['$ConnectionKey']",
              "type": "Raw"
            }
          }
        },
        "Condition": {
          "actions": {
            "Respond_to_a_PowerApp_or_flow": {
              "runAfter": {},
              "metadata": {
                "operationMetadataId": "7d8fd927-364c-4346-acb3-2c9dac2d1721"
              },
              "type": "Response",
              "kind": "PowerApp",
              "inputs": {
                "statusCode": 200,
                "body": {
                  "value": "true"
                },
                "schema": {
                  "type": "object",
                  "properties": {
                    "value": {
                      "title": "value",
                      "x-ms-dynamically-added": true,
                      "type": "string"
                    }
                  }
                }
              }
            }
          },
          "runAfter": {
            "Execute_stored_procedure_(V2)": [
              "Succeeded"
            ]
          },
          "else": {
            "actions": {
              "Respond_to_a_PowerApp_or_flow_2": {
                "runAfter": {},
                "metadata": {
                  "operationMetadataId": "a6faa910-b9fc-4c59-88dc-b2c4527556ce"
                },
                "type": "Response",
                "kind": "PowerApp",
                "inputs": {
                  "statusCode": 200,
                  "body": {
                    "value": "false"
                  },
                  "schema": {
                    "type": "object",
                    "properties": {
                      "value": {
                        "title": "value",
                        "x-ms-dynamically-added": true,
                        "type": "string"
                      }
                    }
                  }
                }
              }
            }
          },
          "expression": {
            "not": {
              "contains": [
                "@body('Execute_stored_procedure_(V2)')",
                "error"
              ]
            }
          },
          "metadata": {
            "operationMetadataId": "28607603-1e2b-4747-93b7-c65a042ff27f"
          },
          "type": "If"
        }
      },
      "outputs": {}
    },
    "templateName": "23dbc08dfecf40109d9b0d4164b78c46"
  },
  "schemaVersion": "1.0.0.0"
}