{
  "properties": {
    "connectionReferences": {
      "shared_sql": {
        "runtimeSource": "invoker",
        "connection": {
          "connectionReferenceLogicalName": "new_sharedsql_7645b"
        },
        "api": {
          "name": "shared_sql"
        }
      }
    },
    "definition": {
      "$schema": "https://schema.management.azure.com/providers/Microsoft.Logic/schemas/2016-06-01/workflowdefinition.json#",
      "contentVersion": "1.0.0.0",
      "parameters": {
        "$connections": {
          "defaultValue": {},
          "type": "Object"
        },
        "$authentication": {
          "defaultValue": {},
          "type": "SecureObject"
        }
      },
      "triggers": {
        "manual": {
          "metadata": {
            "operationMetadataId": "8662b2e4-c897-460c-a90a-d065daa0e1cc"
          },
          "type": "Request",
          "kind": "PowerApp",
          "inputs": {
            "schema": {
              "type": "object",
              "properties": {
                "Executestoredprocedure(V2)_memberName": {
                  "type": "string",
                  "x-ms-powerflows-param-ispartial": false
                },
                "Executestoredprocedure(V2)_teamName": {
                  "type": "string",
                  "x-ms-powerflows-param-ispartial": false
                }
              },
              "required": [
                "Executestoredprocedure(V2)_memberName",
                "Executestoredprocedure(V2)_teamName"
              ]
            }
          }
        }
      },
      "actions": {
        "Execute_stored_procedure_(V2)": {
          "runAfter": {},
          "metadata": {
            "operationMetadataId": "133c70a2-2d33-4bf6-9f15-2d571bf443cb"
          },
          "type": "OpenApiConnection",
          "inputs": {
            "host": {
              "apiId": "/providers/Microsoft.PowerApps/apis/shared_sql",
              "connectionName": "shared_sql",
              "operationId": "ExecuteProcedure_V2"
            },
            "parameters": {
              "server": "default",
              "database": "default",
              "procedure": "[dbo].[commitMember]",
              "parameters/memberName": "@triggerBody()['Executestoredprocedure(V2)_memberName']",
              "parameters/teamName": "@triggerBody()['Executestoredprocedure(V2)_teamName']"
            },
            "authentication": {
              "value": "@json(decodeBase64(triggerOutputs().headers['X-MS-APIM-Tokens']))['$ConnectionKey']",
              "type": "Raw"
            }
          }
        },
        "Condition_2": {
          "actions": {
            "Respond_to_a_PowerApp_or_flow": {
              "runAfter": {},
              "metadata": {
                "operationMetadataId": "672a057b-9e6f-4380-9439-e8ab4032ee2c"
              },
              "type": "Response",
              "kind": "PowerApp",
              "inputs": {
                "statusCode": 200,
                "body": {
                  "value": "true"
                },
                "schema": {
                  "type": "object",
                  "properties": {
                    "value": {
                      "title": "value",
                      "x-ms-dynamically-added": true,
                      "type": "string"
                    }
                  }
                }
              }
            }
          },
          "runAfter": {
            "Execute_stored_procedure_(V2)": [
              "Succeeded",
              "Failed",
              "Skipped",
              "TimedOut"
            ]
          },
          "else": {
            "actions": {
              "Respond_to_a_PowerApp_or_flow_2": {
                "runAfter": {},
                "metadata": {
                  "operationMetadataId": "c7e09339-f14e-431b-9a35-605cca2b5177"
                },
                "type": "Response",
                "kind": "PowerApp",
                "inputs": {
                  "statusCode": 200,
                  "body": {
                    "value": "false"
                  },
                  "schema": {
                    "type": "object",
                    "properties": {
                      "value": {
                        "title": "value",
                        "x-ms-dynamically-added": true,
                        "type": "string"
                      }
                    }
                  }
                }
              }
            }
          },
          "expression": {
            "not": {
              "contains": [
                "@body('Execute_stored_procedure_(V2)')",
                "error"
              ]
            }
          },
          "metadata": {
            "operationMetadataId": "5a7d6fb5-08c2-419d-8646-d5a126cddd7e"
          },
          "type": "If"
        }
      },
      "outputs": {}
    },
    "templateName": "23dbc08dfecf40109d9b0d4164b78c46"
  },
  "schemaVersion": "1.0.0.0"
}