{
  "properties": {
    "connectionReferences": {
      "shared_sql": {
        "runtimeSource": "invoker",
        "connection": {
          "connectionReferenceLogicalName": "new_sharedsql_7645b"
        },
        "api": {
          "name": "shared_sql"
        }
      }
    },
    "definition": {
      "$schema": "https://schema.management.azure.com/providers/Microsoft.Logic/schemas/2016-06-01/workflowdefinition.json#",
      "contentVersion": "1.0.0.0",
      "parameters": {
        "$connections": {
          "defaultValue": {},
          "type": "Object"
        },
        "$authentication": {
          "defaultValue": {},
          "type": "SecureObject"
        }
      },
      "triggers": {
        "manual": {
          "metadata": {
            "operationMetadataId": "171b7245-ec65-4c9c-a315-6b276e8cdbfd"
          },
          "type": "Request",
          "kind": "PowerApp",
          "inputs": {
            "schema": {
              "type": "object",
              "properties": {
                "Executestoredprocedure(V2)_departureDate": {
                  "type": "string",
                  "x-ms-powerflows-param-ispartial": false
                },
                "Executestoredprocedure(V2)_memberName": {
                  "type": "string",
                  "x-ms-powerflows-param-ispartial": false
                },
                "Executestoredprocedure(V2)_teamName": {
                  "type": "string",
                  "x-ms-powerflows-param-ispartial": false
                }
              },
              "required": [
                "Executestoredprocedure(V2)_departureDate",
                "Executestoredprocedure(V2)_memberName",
                "Executestoredprocedure(V2)_teamName"
              ]
            }
          }
        }
      },
      "actions": {
        "Execute_stored_procedure_(V2)": {
          "runAfter": {},
          "metadata": {
            "operationMetadataId": "64b3772f-f303-4083-9d7e-1156e6928c5b"
          },
          "type": "OpenApiConnection",
          "inputs": {
            "host": {
              "apiId": "/providers/Microsoft.PowerApps/apis/shared_sql",
              "connectionName": "shared_sql",
              "operationId": "ExecuteProcedure_V2"
            },
            "parameters": {
              "server": "default",
              "database": "default",
              "procedure": "[dbo].[getDeparture]",
              "parameters/departureDate": "@triggerBody()['Executestoredprocedure(V2)_departureDate']",
              "parameters/memberName": "@triggerBody()['Executestoredprocedure(V2)_memberName']",
              "parameters/teamName": "@triggerBody()['Executestoredprocedure(V2)_teamName']"
            },
            "authentication": {
              "value": "@json(decodeBase64(triggerOutputs().headers['X-MS-APIM-Tokens']))['$ConnectionKey']",
              "type": "Raw"
            }
          }
        },
        "Condition": {
          "actions": {},
          "runAfter": {
            "Execute_stored_procedure_(V2)": [
              "Succeeded"
            ]
          },
          "expression": {
            "equals": [
              "",
              ""
            ]
          },
          "metadata": {
            "operationMetadataId": "445ca240-94bc-4c78-bab5-baa958ed07af"
          },
          "type": "If"
        }
      },
      "outputs": {}
    },
    "templateName": "23dbc08dfecf40109d9b0d4164b78c46"
  },
  "schemaVersion": "1.0.0.0"
}