{
  "properties": {
    "connectionReferences": {
      "shared_sql": {
        "runtimeSource": "invoker",
        "connection": {
          "connectionReferenceLogicalName": "new_sharedsql_7645b"
        },
        "api": {
          "name": "shared_sql"
        }
      }
    },
    "definition": {
      "$schema": "https://schema.management.azure.com/providers/Microsoft.Logic/schemas/2016-06-01/workflowdefinition.json#",
      "contentVersion": "1.0.0.0",
      "parameters": {
        "$connections": {
          "defaultValue": {},
          "type": "Object"
        },
        "$authentication": {
          "defaultValue": {},
          "type": "SecureObject"
        }
      },
      "triggers": {
        "manual": {
          "metadata": {
            "operationMetadataId": "7785771d-716f-4f5c-bd8d-4d16131ac862"
          },
          "type": "Request",
          "kind": "PowerApp",
          "inputs": {
            "schema": {
              "type": "object",
              "properties": {
                "Executestoredprocedure(V2)_dsudate": {
                  "type": "string",
                  "x-ms-powerflows-param-ispartial": false
                },
                "Executestoredprocedure(V2)_impediment": {
                  "type": "string",
                  "x-ms-powerflows-param-ispartial": false
                },
                "Executestoredprocedure(V2)_membername": {
                  "type": "string",
                  "x-ms-powerflows-param-ispartial": false
                },
                "Executestoredprocedure(V2)_starttime": {
                  "type": "string",
                  "x-ms-powerflows-param-ispartial": false
                },
                "Executestoredprocedure(V2)_statusreport": {
                  "type": "string",
                  "x-ms-powerflows-param-ispartial": false
                }
              },
              "required": [
                "Executestoredprocedure(V2)_dsudate",
                "Executestoredprocedure(V2)_impediment",
                "Executestoredprocedure(V2)_membername",
                "Executestoredprocedure(V2)_starttime",
                "Executestoredprocedure(V2)_statusreport"
              ]
            }
          }
        }
      },
      "actions": {
        "Execute_stored_procedure_(V2)": {
          "runAfter": {},
          "metadata": {
            "operationMetadataId": "254a3006-28f5-4ed6-84fa-f6a62c0515b9"
          },
          "type": "OpenApiConnection",
          "inputs": {
            "host": {
              "apiId": "/providers/Microsoft.PowerApps/apis/shared_sql",
              "connectionName": "shared_sql",
              "operationId": "ExecuteProcedure_V2"
            },
            "parameters": {
              "server": "default",
              "database": "default",
              "procedure": "[dbo].[reportIndividual]",
              "parameters/dsudateinfo": "@triggerBody()['Executestoredprocedure(V2)_dsudate']",
              "parameters/impediment": "None",
              "parameters/membername": "@triggerBody()['Executestoredprocedure(V2)_membername']",
              "parameters/starttime": "@triggerBody()['Executestoredprocedure(V2)_starttime']",
              "parameters/statusreport": "@triggerBody()['Executestoredprocedure(V2)_statusreport']"
            },
            "authentication": {
              "value": "@json(decodeBase64(triggerOutputs().headers['X-MS-APIM-Tokens']))['$ConnectionKey']",
              "type": "Raw"
            }
          }
        },
        "Condition": {
          "actions": {
            "Respond_to_a_PowerApp_or_flow": {
              "runAfter": {},
              "metadata": {
                "operationMetadataId": "8f7ad60d-f3f5-4583-9142-e1add1204d37"
              },
              "type": "Response",
              "kind": "PowerApp",
              "inputs": {
                "statusCode": 200,
                "body": {
                  "value": "true"
                },
                "schema": {
                  "type": "object",
                  "properties": {
                    "value": {
                      "title": "value",
                      "x-ms-dynamically-added": true,
                      "type": "string"
                    }
                  }
                }
              }
            }
          },
          "runAfter": {
            "Execute_stored_procedure_(V2)": [
              "Succeeded"
            ]
          },
          "else": {
            "actions": {
              "Respond_to_a_PowerApp_or_flow_2": {
                "runAfter": {},
                "metadata": {
                  "operationMetadataId": "815644ed-2f62-4c02-8e9e-8b4e66b13ece"
                },
                "type": "Response",
                "kind": "PowerApp",
                "inputs": {
                  "statusCode": 200,
                  "body": {
                    "value": "false"
                  },
                  "schema": {
                    "type": "object",
                    "properties": {
                      "value": {
                        "title": "value",
                        "x-ms-dynamically-added": true,
                        "type": "string"
                      }
                    }
                  }
                }
              }
            }
          },
          "expression": {
            "and": [
              {
                "not": {
                  "contains": [
                    "@body('Execute_stored_procedure_(V2)')",
                    "error"
                  ]
                }
              },
              {
                "not": {
                  "equals": [
                    "@outputs('Execute_stored_procedure_(V2)')?['body/resultsets/Table1']",
                    "@null"
                  ]
                }
              }
            ]
          },
          "metadata": {
            "operationMetadataId": "8257cc59-9ac5-47cc-979d-18bac8555039"
          },
          "type": "If"
        }
      },
      "outputs": {}
    },
    "templateName": "23dbc08dfecf40109d9b0d4164b78c46"
  },
  "schemaVersion": "1.0.0.0"
}