{
  "properties": {
    "connectionReferences": {
      "shared_sql": {
        "runtimeSource": "invoker",
        "connection": {
          "connectionReferenceLogicalName": "new_sharedsql_7645b"
        },
        "api": {
          "name": "shared_sql"
        }
      }
    },
    "definition": {
      "$schema": "https://schema.management.azure.com/providers/Microsoft.Logic/schemas/2016-06-01/workflowdefinition.json#",
      "contentVersion": "1.0.0.0",
      "parameters": {
        "$connections": {
          "defaultValue": {},
          "type": "Object"
        },
        "$authentication": {
          "defaultValue": {},
          "type": "SecureObject"
        }
      },
      "triggers": {
        "manual": {
          "metadata": {
            "operationMetadataId": "9589fc68-f945-412b-8f56-b39e6f6f4d0c"
          },
          "type": "Request",
          "kind": "PowerApp",
          "inputs": {
            "schema": {
              "type": "object",
              "properties": {
                "Executestoredprocedure(V2)_reviewer": {
                  "type": "string",
                  "x-ms-powerflows-param-ispartial": false
                },
                "Executestoredprocedure(V2)_scrummaster": {
                  "type": "string",
                  "x-ms-powerflows-param-ispartial": false
                },
                "Executestoredprocedure(V2)_teamlead": {
                  "type": "string",
                  "x-ms-powerflows-param-ispartial": false
                },
                "Executestoredprocedure(V2)_teamname": {
                  "type": "string",
                  "x-ms-powerflows-param-ispartial": false
                },
                "Executestoredprocedure(V2)_teamtask": {
                  "type": "string",
                  "x-ms-powerflows-param-ispartial": false
                }
              },
              "required": [
                "Executestoredprocedure(V2)_reviewer",
                "Executestoredprocedure(V2)_scrummaster",
                "Executestoredprocedure(V2)_teamlead",
                "Executestoredprocedure(V2)_teamname",
                "Executestoredprocedure(V2)_teamtask"
              ]
            }
          }
        }
      },
      "actions": {
        "Execute_stored_procedure_(V2)": {
          "runAfter": {},
          "metadata": {
            "operationMetadataId": "e2df16e3-e1a2-4a0e-8afa-b542491e1623"
          },
          "type": "OpenApiConnection",
          "inputs": {
            "host": {
              "apiId": "/providers/Microsoft.PowerApps/apis/shared_sql",
              "connectionName": "shared_sql",
              "operationId": "ExecuteProcedure_V2"
            },
            "parameters": {
              "server": "default",
              "database": "default",
              "procedure": "[dbo].[newTeamInformation]",
              "parameters/reviewer": "@triggerBody()['Executestoredprocedure(V2)_reviewer']",
              "parameters/scrummaster": "@triggerBody()['Executestoredprocedure(V2)_scrummaster']",
              "parameters/teamlead": "@triggerBody()['Executestoredprocedure(V2)_teamlead']",
              "parameters/teamname": "@triggerBody()['Executestoredprocedure(V2)_teamname']",
              "parameters/teamtask": "@triggerBody()['Executestoredprocedure(V2)_teamtask']"
            },
            "authentication": {
              "value": "@json(decodeBase64(triggerOutputs().headers['X-MS-APIM-Tokens']))['$ConnectionKey']",
              "type": "Raw"
            }
          }
        }
      },
      "outputs": {}
    },
    "templateName": "23dbc08dfecf40109d9b0d4164b78c46"
  },
  "schemaVersion": "1.0.0.0"
}