{
  "properties": {
    "connectionReferences": {
      "shared_sql": {
        "runtimeSource": "invoker",
        "connection": {
          "connectionReferenceLogicalName": "new_sharedsql_7645b"
        },
        "api": {
          "name": "shared_sql"
        }
      }
    },
    "definition": {
      "$schema": "https://schema.management.azure.com/providers/Microsoft.Logic/schemas/2016-06-01/workflowdefinition.json#",
      "contentVersion": "1.0.0.0",
      "parameters": {
        "$connections": {
          "defaultValue": {},
          "type": "Object"
        },
        "$authentication": {
          "defaultValue": {},
          "type": "SecureObject"
        }
      },
      "triggers": {
        "manual": {
          "metadata": {
            "operationMetadataId": "a932be2a-0d69-47e7-858f-edfdc710975a"
          },
          "type": "Request",
          "kind": "PowerApp",
          "inputs": {
            "schema": {
              "type": "object",
              "properties": {
                "reportTeam_dsudate": {
                  "type": "string",
                  "x-ms-powerflows-param-ispartial": false
                },
                "reportTeam_teamname": {
                  "type": "string",
                  "x-ms-powerflows-param-ispartial": false
                }
              },
              "required": [
                "reportTeam_dsudate",
                "reportTeam_teamname"
              ]
            }
          }
        }
      },
      "actions": {
        "reportTeam": {
          "runAfter": {},
          "metadata": {
            "operationMetadataId": "baf7a456-2843-4633-87ce-2eb1b4b9b535"
          },
          "type": "OpenApiConnection",
          "inputs": {
            "host": {
              "apiId": "/providers/Microsoft.PowerApps/apis/shared_sql",
              "connectionName": "shared_sql",
              "operationId": "ExecuteProcedure_V2"
            },
            "parameters": {
              "server": "default",
              "database": "default",
              "procedure": "[dbo].[reportTeam]",
              "parameters/dsudateinfo": "@triggerBody()['reportTeam_dsudate']",
              "parameters/teamname": "@triggerBody()['reportTeam_teamname']"
            },
            "authentication": {
              "value": "@json(decodeBase64(triggerOutputs().headers['X-MS-APIM-Tokens']))['$ConnectionKey']",
              "type": "Raw"
            }
          }
        }
      },
      "outputs": {}
    },
    "templateName": "23dbc08dfecf40109d9b0d4164b78c46"
  },
  "schemaVersion": "1.0.0.0"
}